repo,age_days,merged_prs,releases,last_update_days,language,closed_issue_ratio
build-your-own-x,2857,155,0,12,Markdown,0.7353603603603603
awesome,4255,694,0,1,,0.9561643835616438
freeCodeCamp,4088,27772,0,-1,TypeScript,0.9916800605086509
public-apis,3636,1872,0,14,Python,0.9928486293206198
free-programming-books,4528,7328,0,5,Python,0.9714964370546318
developer-roadmap,3277,4073,1,0,TypeScript,0.9899513776337115
coding-interview-university,3559,415,0,189,,0.8647619047619047
system-design-primer,3294,203,0,122,Python,0.3055555555555556
awesome-python,4268,641,0,1,Python,0
awesome-selfhosted,3930,2395,1,5,,1.0
996.ICU,2536,1072,0,195,,0
openclaw,101,2730,59,-1,TypeScript,0.6529254451764399
project-based-learning,3249,182,0,567,,0.36123348017621143
react,4668,12774,118,0,JavaScript,0.9438264738598443
linux,5295,0,0,-1,C,0
Python,3519,3046,0,2,Python,0.9048178613396005
vue,4602,1136,249,511,TypeScript,0.9641966689937169
the-book-of-secret-knowledge,2812,122,0,471,,0
computer-science,4323,305,0,1,HTML,0.9819819819819819
javascript-algorithms,2903,304,0,15,JavaScript,0.628032345013477
tensorflow,3771,42319,221,-1,C++,0.978274062386212
ohmyzsh,6032,3515,0,1,Shell,0.9715931664680175
You-Dont-Know-JS,4492,370,0,18,,1.0
CS-Notes,2942,374,0,561,,0.7768166089965398
vscode,3835,43321,197,-1,TypeScript,0.94224548254399
AutoGPT,1085,3970,94,-1,Python,0.9373996789727127
Python-100-Days,2926,13,0,8,Jupyter Notebook,0.26441631504922647
n8n,2448,14087,547,-1,TypeScript,0.9425651009978097
flutter,4016,46924,7,-1,Dart,0.8918010334308659
bootstrap,5332,9114,94,-1,MDX,0.9827556022408963
gitignore,5595,1727,0,20,,0
Microsoft-Activation-Scripts,2243,5,29,11,Batchfile,0.9977973568281938
awesome-go,4260,3608,0,-1,Go,0.9807427785419532
ollama,982,3069,189,-1,Go,0.7904721753794266
stable-diffusion-webui,1291,1884,27,3,Python,0.6956632006086736
the-art-of-command-line,3942,317,0,617,,0.5271317829457365
transformers,2684,18735,244,-1,Python,0.9423489069867124
JavaGuide,2859,1213,0,1,Java,0.9336870026525199
FreeDomain,644,1,0,2,HTML,0
prompts.chat,1186,200,0,0,HTML,0.9770992366412213
yt-dlp,1956,3229,131,2,Python,0.8363750786658276
javascript,4871,813,0,9,JavaScript,0.9271948608137045
langflow,1120,5791,284,-1,Python,0.8920886075949367
HelloGitHub,3592,17,63,5,Python,0.9048261896726291
youtube-dl,5604,1646,341,14,Python,0.8646854841716693
next.js,3437,26137,1000,-1,JavaScript,0.915552630496483
tech-interview-handbook,3530,486,0,38,TypeScript,0.6333333333333333
scrcpy,3025,123,50,7,C,0.5512669911058903
fucking-algorithm,2206,244,0,5,Markdown,0.9989615784008308
go,4216,1,0,0,Go,0.8658817179865924
dify,1058,9711,158,0,TypeScript,0.9755077658303465
PowerToys,2500,6347,127,-1,C#,0.7882694419747921
langchain,1235,16037,1000,-1,Python,0.9733464955577492
system-prompts-and-models-of-ai-tools,365,46,0,0,,0.5714285714285714
30-seconds-of-code,3018,836,12,0,JavaScript,1.0
open-webui,880,3313,152,-1,Python,0.9762759681969736
react-native,4072,957,444,-1,C++,0.9728769308869388
hello-algo,1217,968,10,41,Java,0.9716312056737588
kubernetes,4289,64000,784,-1,Go,0.9620786805684085
electron,4710,24547,1000,-1,C++,0.9656376588909066
free-for-dev,4004,2900,0,1,HTML,0
excalidraw,2254,3838,14,-1,TypeScript,0.5468447124703856
opencode,308,2581,728,-1,TypeScript,0.5195707715891671
free-programming-books-zh_CN,4504,282,3,598,,0
node,4116,11893,486,-1,JavaScript,0.9125802758002688
d3,5638,494,194,92,Shell,0.9955337204108977
iptv,2667,6821,0,0,TypeScript,0.9860165593376264
three.js,5825,15235,175,0,JavaScript,0.9672762271414822
rust,5740,69550,147,-1,Rust,0.819301948051948
rustdesk,1984,3946,36,0,Rust,0.98475
axios,4216,1134,109,0,JavaScript,0.9594594594594594
TypeScript,4279,14857,214,2,TypeScript,0.8841659295125471
Awesome-Hacking,3627,34,0,411,,0
ui,1156,1007,75,2,TypeScript,0.7501907911472908
generative-ai-for-beginners,990,521,0,0,Jupyter Notebook,0.9758454106280193
godot,4443,41424,66,0,C++,0.7881458272136819
GitHub-Chinese-Top-Charts,2373,0,0,509,Java,0.47230320699708456
deno,2851,14295,368,-1,Rust,0.8313865997850233
nodebestpractices,3093,766,0,323,Dockerfile,0.8562874251497006
ComfyUI,1143,2211,124,-1,Python,0.5662272441933459
frp,3727,735,109,-1,Go,0.9908844542990884
create-react-app,3518,1949,83,383,JavaScript,0.7806673791711198
papers-we-love,4463,439,0,11,Shell,0.9919354838709677
tauri,2427,5400,0,0,Rust,0.7962392608202302
terminal,3127,4378,146,-1,C++,0.8807266410943041
DeepSeek-V3,434,25,1,189,Python,0.941747572815534
clash-verge-rev,834,751,62,-1,TypeScript,0.967006598680264
angular,4186,5675,610,-1,TypeScript,0.9671747934020347
awesome-llm-apps,675,170,0,3,Python,1.0
awesome-mac,3518,1081,13,0,JavaScript,0.7368421052631579
supabase,2336,15579,26,-1,TypeScript,0.9490458015267176
HowToCook,2196,614,4,2,Dockerfile,0.44014510278113667
every-programmer-should-know,3115,110,0,65,,0.6888888888888889
material-ui,4216,21490,558,-1,JavaScript,0.9216139178297621
pytorch,3491,6428,64,-1,Python,0.7181407721115817
v2rayN,2410,395,300,-1,C#,0.9990906335253107
ant-design,3968,17062,740,0,TypeScript,0.960286357885642
neovim,4416,17730,48,0,Vim Script,0.8804363636363637
llama.cpp,1090,7478,1000,0,C++,0.9382629437350919
gemini-cli,322,5272,392,-1,TypeScript,0.8079248442005394
fastapi,2644,3171,269,-1,Python,0.9968625213918996
thefuck,3984,481,17,594,Python,0.6162790697674418
whisper,1265,119,13,80,Python,0
Web-Dev-For-Beginners,1941,654,0,4,JavaScript,0.8578199052132701
clean-code-javascript,3386,149,0,584,JavaScript,0.673469387755102
immich,1491,8731,287,-1,TypeScript,0.9356812788809792
tailwindcss,3072,3302,300,0,TypeScript,0.9893104171033327
java-design-patterns,4226,1520,0,3,Java,0.8578732106339468
puppeteer,3221,5836,646,0,TypeScript,0.9647685374846374
nvm,5802,741,71,13,Shell,0.8616798997074802
DeepSeek-R1,409,10,1,251,,0.9609261939218524
app-ideas,2564,151,0,145,,0.2602040816326531
vue-element-admin,3244,311,49,497,Vue,0.6520896761693883
markitdown,476,170,18,12,Python,0.21761658031088082
storybook,3639,12275,1000,0,TypeScript,0.8507241257506182
firecrawl,688,1359,32,-1,TypeScript,0.9453883495145631
bitcoin,5555,16168,63,0,C++,0.9598357927438145
gin,4279,1224,29,1,Go,0.7497900923593619
bun,1786,7177,210,-1,Zig,0.6928494384874057
NextChat,1090,894,77,93,TypeScript,0.809324399776661
LLMs-from-scratch,955,481,0,1,Jupyter Notebook,1.0
django,5059,10323,0,0,Python,0
hugo,4627,3239,365,1,Go,0.9699987551350678
mermaid,4141,2584,179,-1,TypeScript,0.6178361755661168
opencv,4977,13504,67,1,C++,0.775338871884565
svelte,3391,6518,606,-1,JavaScript,0.8973669467787115
weekly,2700,105,0,6,,0.15154371906669808
core,4552,82559,1000,-1,Python,0.9573885275678209
manim,4000,661,13,20,Python,0.6255110384300899
skills,164,21,0,0,Python,0.14285714285714285
ML-For-Beginners,1828,446,0,0,Jupyter Notebook,1.0
laravel,5384,1670,211,7,Blade,0
uptime-kuma,1706,1684,125,0,JavaScript,0.8574197716993324
playwright,2301,16275,158,-1,TypeScript,0.9654325320231619
awesome-for-beginners,3784,469,0,9,,0.9215686274509803
mall,2892,1,3,31,Java,0.9799599198396793
realworld,3659,434,0,0,TypeScript,0.9376146788990826
animate.css,5258,315,22,583,CSS,0.9546998867497168
awesome-mcp-servers,460,1409,0,0,,0.719047619047619
devops-exercises,2345,309,0,68,Python,0.6634615384615384
awesome-interview-questions,3750,175,0,584,,0.5573770491803278
FiraCode,4131,142,29,1,Clojure,0.6949275362318841
syncthing,4482,2837,462,0,Go,0.9366678047115057
uv,884,8502,259,-1,Rust,0.7257746315423002
servers,471,1178,24,4,TypeScript,0.6682577565632458
spring-boot,4885,42,339,0,Java,0.9880190342761902
system-design-101,898,23,0,335,,0.3103448275862069
Deep-Live-Cam,893,98,10,2,Python,0.926391382405745
browser-use,490,1668,118,2,Python,0.9078571428571428
funNLP,2753,14,0,664,Python,0.5647058823529412
advanced-java,2707,89,1,42,Java,0.9932432432432432
github-readme-stats,2065,1568,0,2,JavaScript,0.8872832369942196
vite,2144,6052,658,0,TypeScript,0.9451628352490421
fzf,4516,642,76,3,Go,0.9181173436492586
hoppscotch,2388,2038,99,0,TypeScript,0.7573812580231065
netdata,4643,11750,132,-1,C,0.981470193831525
models,3681,2342,51,0,Python,0.85199344620426
gpt4all,1073,938,38,281,C++,0.6749547920433996
LeetCodeAnimation,2646,63,0,934,Java,0.7049180327868853
code-server,2563,1638,223,1,TypeScript,0.955983131259884
zed,1839,22104,1000,-1,Rust,0.8583306512176805
Font-Awesome,5130,220,63,22,JavaScript,0.9853776192151148
elasticsearch,5869,87390,235,-1,Java,0.8965469260916955
cs-video-courses,3422,257,0,12,,0
llm-course,991,2,0,28,,0.3368421052631579
localsend,1175,701,24,1,Dart,0.4633228840125392
d2l-zh,3116,1019,16,583,Python,0
Best-websites-a-programmer-should-visit,3286,431,0,169,,0.5675675675675675
PayloadsAllTheThings,3425,564,5,0,Python,0
json-server,4481,161,46,5,JavaScript,0.48047538200339557
Stirling-PDF,1132,3170,167,-1,TypeScript,0.7919179734620024
nest,3315,8079,143,-1,TypeScript,0.9968885047536733
Ventoy,2186,294,108,32,C,0.6981412639405205
spec-kit,195,179,112,-1,Python,0.3839080459770115
union,1023,3102,107,9,Rust,0.9303211758301578
ragflow,814,5450,40,0,Python,0.5486016628873772
claude-code,376,145,54,0,Shell,0.8164573871226289
awesome-vue,3789,3611,0,13,,0.8304347826086956
lazygit,2847,1809,176,3,Go,0.6904761904761905
sherlock,2628,734,2,0,Python,0.9303742384682332
redis,6192,4426,117,0,C,0.6804049168474331
awesome-public-datasets,4123,188,1,1,,0.3870967741935484
lobehub,1019,4337,1000,-1,TypeScript,0.903683241252302
the-algorithm,1074,2,0,177,Scala,0.702626641651032
tesseract,4222,1432,35,5,C++,0.8435225618631732
stable-diffusion,1303,5,0,625,Jupyter Notebook,0.2707482993197279
grafana,4467,62632,592,-1,TypeScript,0.924427357157746
Front-End-Checklist,3062,179,1,29,,0.993421052631579
awesome-react,4229,794,0,50,,0.9831932773109243
vllm,1120,14462,84,-1,Python,0.8775097501083345
awesome-machine-learning,4250,902,0,34,Python,0.9897959183673469
cpython,3309,57238,0,-1,Python,0.9050389651699093
openai-cookbook,1455,1008,0,-1,Jupyter Notebook,0.9009628610729024
screenshot-to-code,841,71,0,0,TypeScript,0.7139240506329114
imgui,4245,418,118,6,C++,0.8467432950191571
superpowers,146,39,2,11,Shell,0.6920731707317073
PaddleOCR,2127,3119,29,0,Python,0.9784700390587787
cs-self-learning,1597,315,5,9,HTML,0.4588744588744589
moby,4793,22359,276,0,Go,0.860240345550186
strapi,3809,9585,514,0,TypeScript,0.9513042005420054
flask,5812,1627,38,1,Python,1.0
Prompt-Engineering-Guide,1175,342,0,6,MDX,0.3070539419087137
superset,3879,16444,243,-1,TypeScript,0.9466087099155253
protobuf,4209,8733,208,-1,C++,0.981620349948537
obs-studio,4538,5421,236,0,C,0.8459349593495935
reveal.js,5384,413,49,0,JavaScript,0.6811244979919678
caddy,4068,2266,133,0,Go,0.9563377144130096
gpt_academic,1081,228,32,39,Python,0.8428246013667426
awesome-cpp,4249,837,0,0,,0.6006768189509306
swift,3785,58082,66,-1,C++,0.5758338577721838
tabby,3359,1512,204,4,TypeScript,0.58202023552828
SecLists,5128,696,29,0,PHP,0.9716088328075709
act,2618,1057,92,0,Go,0.8170083523158694
awesome-scalability,2990,37,0,60,,0
express,6095,522,164,4,JavaScript,0.9751861042183623
node,1128,248,71,-1,Go,0.9787878787878788
OpenHands,722,6435,99,-1,Python,0.9557867360208062
AppFlowy,1723,3894,127,8,Dart,0.7684021543985637
ansible,5112,39671,207,0,Python,0.9838699987985101
LlamaFactory,1012,900,35,0,Python,0.8852604828462516
Chart.js,4735,3016,117,5,JavaScript,0.9337077112724285
awesome-courses,4127,194,0,1036,,0.46987951807228917
anime,3643,87,34,20,JavaScript,0.8982035928143712
33-js-concepts,2739,262,0,4,JavaScript,1.0
webpack,5108,5562,448,0,JavaScript,0.9889655172413793
annotated_deep_learning_paper_implementations,2018,104,0,42,Python,0.8028169014084507
echarts,4719,1493,122,0,TypeScript,0.9148925148925149
gpt4free,1072,871,429,0,Python,0.9949748743718593
ChinaTextbook,2251,1,0,138,Roff,0.4720496894409938
ghidra,2561,553,52,-1,Java,0.7376769571891523
javascript-questions,2458,328,0,578,,0.9246031746031746
scikit-learn,5679,14163,49,0,Python,0.8674457429048414
awesome-nodejs,4255,421,0,50,,0.9714285714285714
Java,3519,2267,0,0,Java,0.9783873649210307
interviews,3305,42,0,297,Java,0.41379310344827586
design-resources-for-developers,2129,967,0,32,,0.9819819819819819
nocode,2948,1,1,575,Dockerfile,0.14796747967479676
MetaGPT,979,673,22,43,Python,0.9823204419889503
Apollo-11,4354,355,0,42,Assembly,0.8527131782945736
localstack,3417,6810,106,-1,Python,0.9501214574898785
docusaurus,3180,5624,154,-1,TypeScript,0.915
keras,3995,4659,86,-1,Python,0.985062830949182
AFFiNE,1312,9028,540,-1,TypeScript,0.8613806487385639
codex,326,4288,572,-1,Rust,0.7778671384912337
prometheus,4849,8236,359,-1,Go,0.919668023802067
socket.io,5837,440,82,1,TypeScript,0.949041095890411
resume.github.com,5506,84,0,1114,JavaScript,0.5238095238095238
alacritty,3668,1918,105,0,Rust,0.9486317810849736
OpenBB,1901,4216,54,-1,Python,0.9846827133479212
open-interpreter,965,384,48,24,Python,0.765490943755958
nocodb,3048,5822,183,-1,TypeScript,0.9041156840934371
daytona,758,1855,162,-1,TypeScript,0.7792329279700655
traefik,3825,5076,506,0,Go,0.8986977589339794
rustlings,3824,922,46,7,Rust,0.9353562005277045
uBlock,3990,256,283,9,JavaScript,0.996228604583696
sway,1870,3638,185,1,Rust,0.7408088235294118
nerd-fonts,4108,565,38,25,CSS,0.9582963620230701
lodash,5080,614,2,10,JavaScript,0.9852466574458276
everything-claude-code,46,87,9,0,JavaScript,0.8837209302325582
tldr,4470,17749,6,-1,Markdown,0.8788598574821853
redux,3932,1746,78,28,TypeScript,0.9820996613449444
crawl4ai,665,163,13,2,Python,0.805793991416309
ladybird,644,5893,0,0,C++,0.6286490156143923
atom,5157,3937,538,1157,JavaScript,0.9437204137689206
architect-awesome,2890,49,0,693,,0.323943661971831
Front-end-Developer-Interview-Questions,5137,484,0,5,Nunjucks,0.807909604519774
scrapy,5855,2475,46,3,Python,0.8577599506325209
leetcode-master,2273,2311,0,37,Shell,0.24548736462093862
ripgrep,3646,544,74,6,Rust,0.9468024900962083
minio,4067,9882,521,20,Go,0.9942929613189601
openpilot,3388,12647,61,-1,Python,0.9438411417933602
markdown-here,5044,27,17,195,JavaScript,0.5252365930599369
jquery,6180,867,13,2,JavaScript,0.9680806383872322
nuxt,3417,7468,274,-1,TypeScript,0.9527972027972028
spring-framework,5566,905,357,0,Java,0.9888123924268503
drawio-desktop,3205,22,169,5,JavaScript,0.9649021864211738
pathway,1194,19,84,0,Python,0.8071428571428572
Real-Time-Voice-Cloning,2475,50,0,80,Python,0.855985598559856
git,6434,3,0,0,C,0
shadowsocks-windows,4798,290,55,428,C#,0.9355060034305317
llama,1115,54,0,402,Python,0.5863309352517986
awesome-flutter,3224,448,0,22,Dart,0
Magisk,3465,1688,156,0,Rust,0.993992606284658
30-Days-Of-Python,2298,137,0,1,Python,0.5915492957746479
angular.js,5902,790,0,692,JavaScript,0.9569356802834053
cline,607,3243,239,-1,TypeScript,0.8530875036581796
awesome-chatgpt-prompts-zh,1179,33,0,428,,0.6082474226804123
rails,6537,25884,160,0,Ruby,0.9725123099399383
mkcert,2810,52,14,569,Go,0.6885714285714286
FFmpeg,5439,0,0,-1,C,0
bat,2875,1577,43,0,Rust,0.8012658227848102
memos,1548,1917,86,0,Go,0.9957507082152974
html5-boilerplate,5883,804,34,4,JavaScript,0.9963181148748159
fuel-core,2015,1615,124,-1,Rust,0.8630849220103987
astro,1816,8245,1000,-1,TypeScript,0.9685355648535565
zustand,2522,888,101,3,TypeScript,0.9971139971139971
DeepLearning-500-questions,2808,302,0,617,JavaScript,0.421875
private-gpt,1038,226,10,7,Python,0.7864710676446618
yolov5,2117,2239,10,12,Python,0.9958686440677966
you-get,4945,582,123,312,Python,0
pocketbase,1339,55,244,0,Go,0.9877049180327869
vaultwarden,2937,1080,78,1,Rust,0.9960967993754879
react-router,4310,3414,326,0,TypeScript,0.9862832390807363
llm-app,960,49,0,57,Jupyter Notebook,0.7222222222222222
meilisearch,2873,2339,299,-1,Rust,0.9055578771416631
face_recognition,3288,94,2,561,Python,0.4339622641509434
awesome-rust,4249,1695,0,0,Rust,0.9300699300699301
pi-hole,4288,2171,123,3,Shell,0.9900831733845169
gatsby,3940,18252,158,-1,JavaScript,0.9847133757961783
rclone,4372,2307,121,-1,Go,0.8436400201106083
leetcode,2897,257,40,232,JavaScript,0.96875
rich,2307,860,175,7,Python,0.8534773801485482
anything-llm,1005,1296,25,-1,JavaScript,0.9134078212290503
awesome-android-ui,4089,90,0,607,,0.8173913043478261
MinerU,735,1319,143,-1,Python,0.9092212135690396
GPT-SoVITS,780,355,4,24,Python,0.6135458167330677
project-layout,3099,94,0,83,Makefile,0.3826086956521739
github-cheat-sheet,4345,129,0,688,,0.6533333333333333
gpt-engineer,1041,351,21,295,Python,0.93812375249501
autogen,930,2534,98,0,Python,0.8482993197278912
hackingtool,2154,57,0,142,Python,0.8214285714285714
OpenManus,364,115,3,22,Python,0.5236167341430499
appwrite,2523,4448,120,0,TypeScript,0.8738948348068869
faceswap,2998,363,5,2,Python,0.9977728285077951
docling,604,737,155,0,Python,0.5012269938650307
starship,2529,3060,138,0,Rust,0.7048307341194371
ChatGPT,1184,123,34,552,Rust,0.2936951316839585
marktext,3035,944,36,1,JavaScript,0.5509660226515656
element,3470,3231,145,562,Vue,0.8521850899742931
nanoGPT,1163,45,0,112,Python,0.32294617563739375
gitea,3411,18519,224,-1,Go,0.8303964757709251
maybe,793,1073,28,223,Ruby,0
ultralytics,1271,4242,349,-1,Python,0.989429006166413
requests,5498,1619,14,-1,Python,0.9554155560940151
normalize.css,5419,56,0,630,CSS,0.9090909090909091
joplin,3334,5230,400,0,TypeScript,0.9250193249162587
segment-anything,1078,16,0,533,Jupyter Notebook,0.25383542538354253
dive,2853,164,28,80,Go,0.5495978552278821
unsloth,827,775,23,2,Python,0.7104909213180901
powerlevel10k,2565,168,33,36,Shell,0.9554531490015361
core,2823,3638,268,0,TypeScript,0.8906617400067182
trackerslist,3602,1,0,0,,0.9842829076620825
ai-agents-for-beginners,462,317,0,5,Jupyter Notebook,1.0
material-design-icons,4165,50,16,6,,0.7530390275111964
pdf.js,5427,8469,83,-1,JavaScript,0.9586491413220761
first-contributions,3453,94645,0,-1,,0.9728937728937729
ImHex,1941,725,82,1,C++,0.8046272493573264
n8n-workflows,295,34,1,22,Python,0.8163265306122449
kotlin,5134,2136,284,-1,Kotlin,0
ionic-framework,4579,6519,930,-1,TypeScript,0.973170731707317
Free-Certifications,2043,115,0,226,,0.2923076923076923
Docker-OSX,2100,109,0,114,Shell,0.42143906020558003
Ghost,4688,15693,954,-1,JavaScript,0.9908574594819227
typst,2353,2234,27,0,Rust,0.7292899408284024
PowerShell,3703,8063,193,1,C#,0.9111244557874193
prettier,3383,9665,134,0,JavaScript,0.832985095417189
v2rayNG,2486,541,282,2,Kotlin,0.9986446191379778
etcd,4624,10221,272,-1,Go,0.9841292134831461
grok-1,718,5,0,552,Python,0
termux-app,3786,177,95,6,Java,0.8571428571428571
guava,4298,1195,57,0,Java,0.8303179824561403
awesome-ios,4256,2240,0,157,Swift,0.9919028340080972
jekyll,6345,3197,112,5,Ruby,0.9742131979695432
coolify,1864,2305,665,0,PHP,0.8325635103926097
Semantic-UI,4713,356,154,462,JavaScript,0.8450681635926223
chinese-poetry,3471,137,1,337,JavaScript,0.431924882629108
DefinitelyTyped,4899,52949,1,0,TypeScript,0.9302010112220989
Motrix,2634,192,21,602,JavaScript,0.44091580502215655
go-ethereum,4452,8780,228,-1,Go,0.978343949044586
awesome-wechat-weapp,3450,278,0,106,,0
hiring-without-whiteboards,3277,1309,0,6,JavaScript,0
professional-programming,3771,43,0,0,Python,1.0
Flowise,1070,1571,80,-1,TypeScript,0.7462090981644054
windows,781,518,119,-1,Shell,0.8980632008154944
bulma,3693,646,22,3,CSS,0.8760481224936201
lazydocker,2483,191,45,47,Go,0.5138539042821159
MoneyPrinterTurbo,724,145,9,81,Python,0.6472491909385113
100-Days-Of-ML-Code,2800,6,0,797,,0
mastodon,3664,19158,327,-1,Ruby,0.6708801130564497
cypress,4019,8073,387,-1,TypeScript,0.9216108609098623
hacker-scripts,3756,63,0,863,JavaScript,0.6538461538461539
odoo,4314,6182,0,-1,Python,0.8107260550653769
lx-music-desktop,2395,88,112,17,TypeScript,0.5418614534636634
open-source-ios-apps,4055,1543,37,0,,1.0
alist,1898,899,143,4,Go,0.8775095871870066
jellyfin,2643,5176,102,-1,C#,0.9227200586009034
json,4627,1007,45,0,C++,0.9843683988170681
dbeaver,3788,6727,243,0,Java,0.8419790104947527
mem0,989,1819,273,1,Python,0.671919770773639
huginn,4743,1056,1,9,Ruby,0.7232675539238183
query,2367,3200,1000,-1,TypeScript,0.9692036955565332
winutil,1407,1065,34,0,PowerShell,0.9976700838769804
dayjs,2886,715,125,2,JavaScript,0.47506849315068495
julia,5432,26880,195,0,Julia,0.8512095993806851
RxJava,4803,3377,243,0,Java,0.995598868280415
algorithm-visualizer,3581,183,0,634,JavaScript,0.6178861788617886
pandas,5672,27963,118,0,Python,0.877810535289312
TrendRadar,311,1,0,4,Python,0.9116161616161617
moment,5483,714,0,568,JavaScript,0.9397503600576093
terraform,4374,13205,403,-1,Go,0.9181086332932359
x64dbg,3980,774,4,8,C++,0.7855547282204021
context7,343,264,49,0,TypeScript,0.9124175164967007
Fooocus,938,448,21,93,Python,0.8641900121802679
type-challenges,2051,600,0,4,TypeScript,0.10792279659873127
expo,3489,20634,0,-1,TypeScript,0.9818001323626737
open-source-mac-os-apps,3044,614,0,10,,0.958904109589041
kubernetes-the-hard-way,3528,73,0,329,,0.9497716894977168
big-list-of-naughty-strings,3861,89,0,686,Python,0.31683168316831684
design-patterns-for-humans,3303,50,0,458,,0.9038461538461539
htmx,2152,1049,27,1,JavaScript,0.6391382405745063
gogs,4404,1869,96,0,Go,0.8220633693972179
jadx,4735,621,34,0,Java,0.7975609756097561
Projects,4627,19,0,567,,0.40217391304347827
llama_index,1219,7639,425,0,Python,0.9688491491202769
freqtrade,3213,6325,110,0,Python,0.9946033459255261
whisper.cpp,1256,932,31,0,C++,0.4665954035275254
awesome-java,4257,733,0,26,,0.9784172661870504
chinese-independent-developer,3087,411,0,0,,0.9835390946502057
react,2833,375,0,20,JavaScript,1.0
awesome-react-components,3541,343,0,38,,0.8035714285714286
PythonDataScienceHandbook,3494,28,0,616,Jupyter Notebook,0.3798076923076923
serverless,3971,4849,480,0,JavaScript,0.8307062746286753
v2ray-core,3835,203,247,150,Go,0.99884437596302
quill,4965,382,95,223,TypeScript,0.8555352002093692
okhttp,4973,3965,0,0,Kotlin,0.9844559585492227
brew,3651,13794,473,0,Ruby,0.9983983983983984
pixijs,4790,3805,303,-1,TypeScript,0.9553615549332894
Made-With-ML,2677,147,1,0,Jupyter Notebook,0.7662337662337663
discourse,4800,33397,0,-1,Ruby,0
Pake,1238,110,41,1,Rust,0.9978902953586498
OpenCut,256,187,2,1,TypeScript,0.3413654618473896
metabase,4048,39472,733,-1,Clojure,0.8500287144146361
awesome-design-patterns,2830,30,0,495,,0.3125
plane,1202,6278,54,0,TypeScript,0.6163682864450127
ClickHouse,3563,59069,746,-1,C++,0.8339533187454413
ai-hedge-fund,461,40,0,30,Python,0.8826086956521739
learn-regex,3148,132,0,191,,0.41379310344827586
30-Days-Of-JavaScript,2264,100,0,89,JavaScript,0.33707865168539325
text-generation-webui,1170,1235,92,-1,Python,0.35513790578472054
frontend-dev-bookmarks,4639,129,1,653,,0.7522935779816514
ruff,1304,13601,402,-1,Rust,0.7898652982681206
acme.sh,3722,1511,46,1,Shell,0.6798632868128738
AI-For-Beginners,1828,289,0,0,Jupyter Notebook,0.9932885906040269
monaco-editor,3558,558,187,0,JavaScript,0.81437578814628
tldraw,1761,4426,101,-1,TypeScript,0.8722118959107806
architecture-samples,3681,232,0,1,Kotlin,0.7107942973523421
ghostty,1437,3605,1,0,Zig,0.9369727047146402
GitHubDaily,2622,3,0,63,,0.2542134831460674
prisma,2450,6747,242,0,TypeScript,0.7980208069018015
awesome-cheatsheets,3038,171,0,13,JavaScript,0.59
JeecgBoot,2656,126,68,0,Java,0.9955855303494788
AdminLTE,4453,1565,77,0,CSS,0.9525283797729618
jest,4468,5774,213,-1,TypeScript,0.9746881878209831
zx,1765,603,100,2,JavaScript,0.9628180039138943
nvm-windows,4184,107,23,6,Go,0.9210526315789473
crewAI,860,1393,141,-1,Python,0.9569405099150141
bevy,2237,7483,53,0,Rust,0.668039950062422
MediaCrawler,1000,132,0,2,Python,0.7671957671957672
Rocket.Chat,3943,15681,1000,-1,TypeScript,0.8621550903901046
CppCoreGuidelines,3850,825,4,0,CSS,0.8040650406504065
meteor,5159,2664,0,0,JavaScript,0.9745030250648228
spotube,1845,257,43,9,Dart,0.6445872466633712
TTS,2115,467,98,566,Python,0.9967453213995118
hyper,3534,3291,88,568,TypeScript,0.7521591206490448
slidev,1776,804,419,2,TypeScript,0.8795366795366796
penpot,3718,5511,69,1,Clojure,0.7485029940119761
Leaflet,5643,3237,34,3,JavaScript,0.925308873081243
legado,2479,1139,115,1,Kotlin,0.9912472647702407
react-hook-form,2556,2141,600,5,TypeScript,0.9827446203816484
nanochat,143,73,0,0,Python,0.864406779661017
airflow,3978,34171,114,-1,Python,0.9031468279686037
grpc,4104,20507,364,-1,C++,0.9416848464507468
edex-ui,3323,399,29,1597,JavaScript,0.9892665474060823
pyenv,4934,1039,150,1,Shell,0.973432518597237
reactjs-interview-questions,2835,170,0,9,JavaScript,0.9646017699115044
awesome-compose,2212,149,0,0,HTML,0.30714285714285716
build-web-application-with-golang,4963,757,0,662,Go,0.5980392156862745
parcel,3132,2600,52,0,JavaScript,0.9150516210831371
EasySpider,2056,44,10,7,JavaScript,0.6538969616908851
iina,3363,882,47,0,Swift,0.5726691042047533
react-use,2686,1533,256,44,TypeScript,0.40229885057471265
awesome-remote-job,4080,593,0,52,,0.8426966292134831
retrofit,5658,1343,4,-1,HTML,0.9540520984081042
babel,4176,6542,452,-1,TypeScript,0.9345185512367491
front-end-interview-handbook,2972,350,0,2,MDX,0.8921568627450981
TensorFlow-Examples,3767,88,0,586,Jupyter Notebook,0.29831932773109243
streamlit,2385,6856,116,-1,Python,0.8052240096869053
upscayl,1314,0,29,47,TypeScript,0.9458937198067633
Summer2026-Internships,2111,1674,0,-1,Python,0.9998619928236269
jsoncrack.com,1495,89,22,13,TypeScript,0.8754448398576512
fuels-rs,1585,908,120,13,Rust,0.9245852187028658
cobra,4565,626,27,85,Go,0.8053311793214862
fuels-ts,1643,1979,156,31,TypeScript,0.9608785175017158
TrafficMonitor,3140,67,26,21,C++,0.3689271255060729
LocalAI,1082,4932,97,-1,Go,0.9046129788897577
sentry,5665,81831,163,-1,Python,0.8873669099174543
helix,2103,4613,30,0,Rust,0.8242984138051246
milvus,2362,24813,153,0,Go,0.9449305875386539
pm2,4671,558,134,25,JavaScript,0.8016803438843298
copyparty,2475,169,336,1,Python,0.7517564402810304
spark,4391,9,0,-1,Scala,0.23076923076923078
CPlusPlusThings,2426,72,0,629,C++,0.9478260869565217
cli,2345,2815,189,0,Go,0.8439446366782007
kong,4125,6501,145,2,Lua,0.987363834422658
zig,3864,9540,21,98,Zig,0.7535878088474627
python-patterns,5019,289,0,20,Python,0.8762886597938144
what-happens-when,4501,108,0,563,,0.18243243243243243
tmux,3927,2,39,0,C,0.9910187323582242
mitmproxy,5861,2730,79,3,Python,0.9000274649821478
git-flight-rules,4243,226,0,129,,0.7808219178082192
fanqiang,4068,3,3,26,Kotlin,0.5972906403940886
pandoc,5828,1760,153,1,Haskell,0.8819070904645476
Umi-OCR,1438,58,31,105,Python,0.6154761904761905
RSSHub,2894,12099,0,0,TypeScript,0.9431872131666403
Alamofire,4235,664,104,21,Swift,0.9882645803698435
Files,2616,5509,130,-1,C#,0.9542702214188884
exo,618,601,13,0,Python,0.8549931600547196
ailearning,3295,478,2,478,Python,0.9741379310344828
diagrams,2223,341,46,26,Python,0.4155844155844156
zod,2188,975,201,18,TypeScript,0.9454787234042553
fd,3221,708,41,3,Rust,0.86
gradio,2633,5357,1000,0,Python,0.931930693069307
chatgpt-on-wechat,1306,286,66,0,Python,0.8477508650519031
full-stack-fastapi-template,2567,621,12,3,TypeScript,1.0
swiper,5103,619,94,9,JavaScript,0.9597176794629024
DeepSpeed,2232,2946,106,0,Python,0.6513595166163142
dubbo,5007,6023,113,2,Java,0.8907289262929279
siyuan,2013,683,878,0,TypeScript,0.979320987654321
English-level-up-tips,3201,26,0,69,,0.7358490566037735
ray,3417,30078,122,-1,Python,0.8696738499977692
nw.js,5174,576,0,0,JavaScript,0.8720742534301856
yarn,3698,1655,153,-1,JavaScript,0.7165532879818595
aider,1030,284,93,2,Python,0.7065190032720866
uni-app,2793,555,0,0,JavaScript,0.8680253264740799
bruno,1254,2057,160,0,JavaScript,0.6238131896330511
black,2912,1725,51,-1,Python,0.89413035649982
pure-bash-bible,2822,28,0,828,Shell,0.42857142857142855
logseq,2112,3133,152,0,Clojure,0.8810817485798963
ColossalAI,1589,3705,50,3,Python,0.746122917863297
hexo,4911,975,117,1,TypeScript,0.9812171299774606
ChatGLM-6B,1088,49,0,616,Python,0.5724085365853658
ccxt,3217,14188,215,0,Python,0.9292160679525747
vue2-elm,3359,21,0,328,Vue,0.8114104595879557
fastlane,4111,6343,560,1,Ruby,0.9496229260935143
system-design,1297,12,0,80,,0.9130434782608695
awesome-claude-skills,139,20,0,14,Python,0.05357142857142857
curl,5830,203,94,0,C,0.9975827445146894
hyperswitch,1235,6524,152,-1,Rust,0.7236804153446784
cheat.sh,3223,129,0,71,Python,0.5094339622641509
styled-components,3488,995,189,13,TypeScript,0.8964824120603015
payload,1884,6752,559,-1,TypeScript,0.9376854599406528
vuetify,3461,4661,641,-1,TypeScript,0.9685147607514565
jan,931,3420,97,0,TypeScript,0.9278599456685783
cherry-studio,650,3020,246,0,TypeScript,0.9443673374971084
tabler,2954,787,51,6,HTML,0.9243478260869565
Win11Debloat,1954,57,23,-1,PowerShell,0.8771929824561403
WeChatMsg,1149,62,0,65,,0
minimind,586,9,2,27,Python,0.9544626593806922
desktop,707,784,155,0,JavaScript,0.9424553940682973
50projects50days,1935,44,0,372,CSS,0
cal.com,1809,12900,611,-1,TypeScript,0.8916620651573716
data-engineer-handbook,836,177,0,6,Jupyter Notebook,0.8452380952380952
daisyui,1922,524,184,4,Svelte,0.9858021769995268
chakra-ui,2392,2927,1000,-1,TypeScript,0.9988328664799253
zju-icicles,3537,232,0,44,HTML,0.8846153846153846
twenty,1190,10116,59,-1,TypeScript,0.9652755135311379
bubbletea,2245,673,72,2,Go,0.7714987714987716
aria2,5577,254,24,101,C++,0.4315569487983281
HEU_KMS_Activator,2447,0,49,114,,0.15979381443298968
wrk,5098,0,0,796,C,0.6437346437346437
remote-jobs,3796,1374,0,0,Nunjucks,0.9702970297029703
php-src,5376,4788,42,-1,C,0.8089636990468465
vim,3851,440,0,-1,Vim Script,0.832264271969211
bert,2687,32,0,589,Python,0.31004366812227074
tidb,3833,34621,213,0,Go,0.8012308790081613
esbuild,3551,257,309,27,Go,0.8587350959046138
puter,732,1319,8,0,JavaScript,0.8353057199211046
trpc,2056,3850,230,0,TypeScript,0.888722927557879
gorm,4514,775,11,2,Go,0.9202625102543068
free,2097,0,0,562,,0.3176761433868974
video.js,5773,1819,334,22,JavaScript,0.8894017725258493
Fabric,791,598,381,3,Go,0.9736842105263158
Deep-Learning-Papers-Reading-Roadmap,3429,28,0,1194,Python,0.08771929824561403
FastChat,1082,852,14,276,Python,0.5539979231568016
photoprism,2959,881,80,-1,Go,0.8254925613188581
fiber,2240,2113,135,0,Go,0.9779141104294479
appsmith,2074,14089,302,0,TypeScript,0.814063356814443
faiss,3313,137,25,0,C++,0.9167278063096111
BMAD-METHOD,326,374,24,0,JavaScript,0.905521472392638
Awesome-Design-Tools,2578,283,0,584,JavaScript,0.5306122448979592
phaser,4710,1734,173,0,JavaScript,0.980656379048033
materialize,4191,449,41,207,JavaScript,0.8806970509383378
styleguide,3941,197,0,112,HTML,0.6721763085399449
shellcheck,4856,331,30,6,Haskell,0.5974864130434783
bark,1062,19,0,563,Jupyter Notebook,0.5073375262054507
cobalt,1335,249,0,39,Svelte,0.8045862412761715
quivr,1027,1824,354,239,Python,0.9973992197659298
data-engineering-zoomcamp,1596,454,0,-1,Jupyter Notebook,0.9858156028368794
leveldb,4207,64,21,399,C++,0.6852791878172588
ChatTTS,646,220,6,46,Python,0.9136904761904762
chatbox,1095,0,52,20,TypeScript,0.6016813450760609
lossless-cut,3413,223,105,4,TypeScript,0.8675166297117517
remotion,2080,4193,596,0,TypeScript,0.9679023508137432
novu,1652,6877,108,0,TypeScript,0.9256594724220624
mindsdb,2771,5779,337,-1,Python,0.9834090909090909
nushell,2491,8456,117,-1,Rust,0.7913167259786477
devdocs,4514,982,0,0,Ruby,0.8432304038004751
impress.js,5180,124,15,40,JavaScript,0.8944099378881988
agno,1401,2896,172,-1,Python,0.8613509395632301
preact,3828,1993,240,1,JavaScript,0.9688796680497925
googletest,3873,813,11,-1,C++,0.8413705583756346
python-cheatsheet,2961,0,0,1,Python,1.0
awesome-cursorrules,535,70,0,132,MDX,0.1568627450980392
Mole,163,123,27,0,Shell,0.9941860465116279
MPAndroidChart,4332,191,44,273,Java,0.5836858006042296
qlib,2029,750,23,21,Python,0.7305848513902206
lapce,2949,1177,35,0,Rust,0.5967180507210343
istio,3393,29470,423,-1,Go,0.980468030219274
halo,2906,2953,250,0,Java,0.9488859764089121
insomnia,3603,3749,547,0,TypeScript,0.8177017852652754
ant-design-pro,3114,1025,26,0,TypeScript,0.9821428571428571
litellm,952,9717,1000,-1,Python,0.9115837201770485
tesseract.js,3907,204,57,5,JavaScript,0.9577656675749319
aspnetcore,4377,18592,275,-1,C#,0.9080983182406209
wtfjs,3156,125,25,352,JavaScript,0.8135593220338984
metasploit-framework,5301,11661,0,0,Ruby,0.9262371615312792
freecodecamp.cn,3443,55,0,963,CSS,0.75809199318569
cli,5122,406,47,443,Python,0.7945054945054945
polars,2121,12719,248,-1,Rust,0.7976343739942067
interview,2946,36,0,193,C++,0.9848484848484849
ToolJet,1801,7737,451,-1,JavaScript,0.8806520473510576
Folo,696,1432,93,1,TypeScript,0.8514619883040936
v,2582,13076,302,-1,V,0.8913128165173354
outline,3573,4162,157,-1,TypeScript,0.9897854954034729
ui-ux-pro-max-skill,95,60,14,3,Python,0.39705882352941174
Open-Assistant,1178,1616,127,565,Python,0.862089914945322
NewPipe,3835,1795,140,3,Java,0.868678871845621
Langchain-Chatchat,1070,621,31,115,Python,0.9983478876563606
google-research,2708,29,0,0,Jupyter Notebook,0.24166666666666667
GFPGAN,1812,14,8,586,Python,0.26522593320235754
it-tools,2160,493,10,0,Vue,0.3244047619047619
tutorials,4692,13718,0,0,Java,0.97724399494311
taro,2888,3465,207,0,TypeScript,0.8766590389016018
vnpy,4021,1063,66,49,Python,0.9944521497919556
engineering-blogs,3917,681,0,561,Ruby,0.7731958762886598
llvm-project,3375,75371,149,-1,LLVM,0.6967038665557512
spacedrive,1620,1957,28,26,Rust,0.9773584905660377
oh-my-opencode,92,634,147,-1,TypeScript,0.8141891891891891
deeplearningbook-chinese,3375,16,7,2284,TeX,0.6847290640394089
interview_internal_reference,2460,35,0,134,Python,0.36538461538461536
paperless-ngx,1481,2996,143,0,Python,1.0
compose,4469,3753,275,0,Go,0.9945645609373113
arthas,2745,582,68,0,Java,0.8234741784037559
gym,3599,999,19,509,Python,0.9385869565217392
manim,2116,2041,33,1,Python,0.784234752589183
RevokeMsgPatcher,2419,12,21,32,C#,0.9516616314199395
wtfpython,3110,113,2,50,Python,0.7053571428571429
JavaFamily,2305,2,0,122,,0.9090909090909091
MockingBird,1671,82,1,2,Python,0.46524663677130046
docs,667,407,0,1,MDX,0.35135135135135137
drawdb,963,349,0,4,JavaScript,0.6350148367952523
stats,2471,433,321,0,Swift,0.9910313901345291
REKCARC-TSC-UHT,2526,175,0,45,HTML,0.9411764705882353
node,660,36,6,107,Shell,0.5
portainer,3576,4784,176,1,TypeScript,0.8859038142620232
sqlmap,5000,180,11,7,Python,0.992584352984798
ink-kit,486,91,0,136,TypeScript,0.6
shadowsocks-android,4827,258,186,15,Kotlin,0.9785117389574214
supervision,1193,1120,35,2,Python,0.8336557059961315
marked,5338,1642,166,1,TypeScript,0.9945520581113801
og-aws,3522,498,0,566,Shell,0.38596491228070173
awesome-shell,4259,307,0,189,,0.359375
gkd,975,9,64,0,Kotlin,0.9864130434782609
date-fns,4168,1068,122,178,TypeScript,0.6781157998037292
duckdb,2809,9604,56,0,C++,0.9180327868852459
pytorch-image-models,2588,523,75,-1,Python,0.9532163742690059
LLM101n,647,0,0,581,,0
GPT_API_free,1047,1,0,54,Python,0.8711217183770883
Coursera-ML-AndrewNg-Notes,3043,14,0,192,HTML,0.21739130434782608
react-bits,576,155,0,4,JavaScript,0.9874213836477987
typeorm,3657,2383,40,-1,TypeScript,0.9503330606520977
sheetjs,4839,106,0,686,,0.9501257334450964
HanLP,4165,79,62,109,Python,0.9944211994421199
slate,4555,298,28,32,,0.9178981937602627
955.WLB,2534,18,0,395,,0.30798479087452474
headscale,2083,1232,132,2,Go,0.9376518218623482
lerna,3744,1021,249,0,TypeScript,0.8592124814264487
BettaFish,612,105,6,0,Python,0.9565217391304348
OpenVoice,827,18,0,320,Python,0.20977011494252873
hello-algorithm,2106,26,0,996,Java,0.75
DragGAN,1022,18,0,655,Python,0.23958333333333334
carbon,3184,669,215,23,JavaScript,0.908695652173913
aseprite,4215,482,123,0,C++,0.5887996430165104
manifesto,935,765,0,351,HTML,0.5384615384615384
servo,5138,23072,5,-1,Rust,0.8105532921540282
qBittorrent,5143,4120,0,2,C++,0.8579367836054186
awesome-deepseek-integration,784,289,0,10,,0.9871794871794872
ShareX,4530,774,85,-1,C#,0.9211369653058381
AgentGPT,1063,541,12,310,TypeScript,0.7185501066098081
fastify,3444,3263,308,0,JavaScript,0.9645852749301025
koa,4610,541,16,5,JavaScript,0.98068669527897
leetcode,2727,4461,21,0,Java,1.0
mattermost,3916,20532,936,-1,TypeScript,0.9415923428322819
ruoyi-vue-pro,1866,73,54,19,Java,0.9959568733153639
awesome-react-native,3996,912,0,608,JavaScript,0.49333333333333335
linux-command,3400,370,32,13,Markdown,0.6363636363636364
awesome-docker,4183,991,1,5,Makefile,0.9577464788732394
Xray-core,1942,1205,106,0,Go,0.9910007199424046
lottie-android,3436,720,63,17,Java,0.9733333333333334
vim-plug,4559,179,8,15,Vim Script,0.9337175792507204
reactive-resume,2171,729,110,0,TypeScript,0.9750677506775067
umami,2057,871,106,-1,TypeScript,0.9541947926711668
xyflow,2425,1468,369,3,TypeScript,0.9611158072696534
fullPage.js,4549,327,109,1,JavaScript,0.973747591522158
tiptap,2753,1504,950,0,TypeScript,0.7698637911464246
ink,3188,290,72,1,TypeScript,0.9633251833740831
nativefier,3896,261,99,888,TypeScript,0.793856103476152
solid,2872,395,36,0,TypeScript,0.9134701159678859
hackathon-starter,4495,449,18,0,JavaScript,0.99860529986053
the-way-to-go_ZH_CN,4729,592,0,568,Go,0
vault,4026,21325,176,-1,Go,0.8131918819188192
dioxus,1875,1969,33,3,Rust,0.7575633687653311
glide,4622,605,54,7,Java,0.8711534204117777
jax,2687,17770,134,-1,Python,0.7552
Sunshine,1540,1723,45,0,C++,0.9357565511411665
HowToLiveLonger,1419,14,0,290,,0.7357142857142858
rufus,5219,1,88,2,C,0.9965714285714286
zsh-autosuggestions,4513,116,0,254,Shell,0.7387096774193549
awesome-javascript,4265,404,0,59,,0.956989247311828
Trilium,3208,1801,348,-1,TypeScript,0.8340729307350955
netty,5595,5065,0,0,Java,0.9170681851365163
husky,4273,262,80,26,JavaScript,0.9288288288288288
Python,5209,2016,0,5,Python,0.3
jieba,4905,96,9,561,Python,0.2646048109965636
caffe,4556,1087,14,581,C++,0.8129556342428661
Retrieval-based-Voice-Conversion-WebUI,1074,477,7,466,Python,0.6589769307923772
Hello-Python,1310,0,0,206,Python,0.9505882352941176
How-To-Ask-Questions-The-Smart-Way,3995,98,0,427,JavaScript,0.6666666666666666
textual,1792,2283,212,1,Python,0.9170565716716291
bulletproof-react,1740,70,0,172,TypeScript,0.6581196581196581
framework,4801,17566,911,-1,PHP,0.997337509788567
Real-ESRGAN,1690,21,10,576,Python,0.23138297872340424
awesome-cto,3365,18,0,3,,1.0
formik,3185,836,200,115,TypeScript,0.6887125220458554
directus,4831,8544,357,-1,TypeScript,0.9641683778234086
LibreChat,1117,2900,80,-1,TypeScript,0.9435001197031362
gold-miner,3774,3563,0,687,,0.9980364155658693
langextract,239,78,12,8,Python,0.5111111111111111
node-v0.x-archive,6126,218,0,566,,1.0
Hyprland,1449,2277,107,0,C++,0.9921154617132166
mpv,4891,3783,88,-1,C,0.9100719424460432
poetry,2927,2425,147,2,Python,0.919898686085167
croc,3061,283,180,0,Go,0.9964476021314387
server,3563,30966,405,-1,PHP,0.8810997552900532
awesome-system-design-resources,862,3,0,16,Java,0.8666666666666667
TaskMatrix,1099,21,0,789,Python,0.38095238095238093
pnpm,3689,3022,1000,-1,TypeScript,0.6130634071810542
CyberChef,3384,555,451,0,JavaScript,0.6003616636528029
claude-cookbooks,932,147,0,0,Jupyter Notebook,0.9312977099236641
12306,3214,31,1,1068,Python,0.6753623188405797
refine,1870,4653,1000,0,TypeScript,0.9936268829663963
clipboard.js,3820,117,42,20,JavaScript,0.9825119236883942
detectron2,2372,0,10,107,Python,0.8683104511067526
Data-Science-For-Beginners,1828,452,0,0,Jupyter Notebook,0.9926470588235294
spring-boot-demo,3037,15,0,589,Java,0.42196531791907516
JavaScript,3157,798,0,182,JavaScript,0.905829596412556
selenium,4797,3648,114,0,Java,0.9893129770992366
react-beautiful-dnd,3130,531,68,199,JavaScript,0.6466954910438543
anoma,1857,897,12,11,Elixir,0.8835904628330996
1Panel,1325,4716,109,0,Go,0.9349992092361221
zoxide,2191,247,37,0,Rust,0.8358831710709318
AnotherRedisDesktopManager,2613,152,53,140,JavaScript,0.850909090909091
mediapipe,2456,201,64,0,C++,0.9227207977207977
nps,2678,74,59,644,Go,0.5784232365145229
C-Plus-Plus,3519,705,0,145,C++,0.9758308157099698
zxing,5258,345,32,29,Java,0.9970149253731343
harness,4409,1053,55,-1,Go,0.9603371343579573
Clone-Wars,1919,130,0,576,,0.8045977011494253
openpose,3237,174,15,579,C++,0.8305929247633284
LeetCode-Go,3152,178,4,449,Go,0.7804878048780488
gpt-pilot,932,396,0,115,Python,0.5678119349005425
jq,4977,681,15,0,C,0.8456896551724138
system_prompts_leaks,306,20,0,1,HTML,0
easyexcel,2949,190,14,492,Java,0.8649171270718232
AndroidUtilCode,3504,88,117,567,Java,0.8043887147335423
AFNetworking,5391,710,40,1142,Objective-C,0
ControlNet,1128,5,0,739,Python,0.24041811846689895
filebrowser,3827,761,129,-1,Go,0.9892992751121851
everyone-can-use-english,2547,462,48,30,TypeScript,0.8
carbon-lang,2137,5031,606,-1,C++,0.77455919395466
shadowsocks,5067,70,2,703,Python,0
yazi,971,1129,30,0,Rust,0.9734513274336283
XX-Net,4067,363,390,12,Python,0.406071964017991
libpku,2660,22,0,1520,TeX,0.7441860465116279
v2ray-core,2516,978,121,4,Go,0.9777365491651205
CasaOS,1621,275,97,211,Go,0.5352028639618138
spaCy,4263,3598,133,2,Python,0.9726576105886451
swc,2995,5893,780,0,Rust,0.9087813184140112
awesome-awesomeness,4258,197,0,640,Ruby,0.7428571428571429
etcher,3782,1731,289,219,TypeScript,0.7517269402681837
learnGitBranching,4951,650,0,1,JavaScript,0.9001883239171374
keycloak,4629,19240,102,-1,Java,0.8711621560154651
khoj,1662,486,170,2,Python,0.8573943661971831
ijkplayer,4658,35,0,569,C,0.47306835066864783
drizzle-orm,1715,660,170,-1,TypeScript,0.6462781304096942
UTM,2519,277,128,5,Swift,0.7280334728033473
brackets,5201,4332,69,1362,JavaScript,0.7297325209129402
awesome-sysadmin,4090,342,0,1,,0.8571428571428571
immutable-js,4264,621,92,0,TypeScript,0.9242304656669298
chatbot-ui,1090,281,0,579,TypeScript,0.8153692614770459
claude-mem,185,211,209,6,TypeScript,0.9368421052631579
gulp,4627,412,24,24,JavaScript,0.9845121321631388
tabby,1085,3001,249,2,Rust,0.7598385469223007
k9s,2595,963,257,0,Go,0.9137478108581436
serenity,2649,19924,0,0,C++,0.8320521779641277
wails,2636,1690,292,0,Go,0.9013356311934511
diffusers,1375,5519,89,0,Python,0.8848137535816619
AdGuardHome,3529,125,229,1,Go,0.793581081081081
sniffnet,1312,480,16,0,Rust,0.8503184713375797
ShadowsocksX-NG,3555,64,30,492,Swift,0.7727941176470589
certbot,4131,4078,68,-1,Python,0.9759145237232887
trivy,2520,3497,85,0,Go,0.945580474934037
OCRmyPDF,4458,169,52,3,Python,0.8963691376701967
firecracker,3059,3427,84,0,Rust,0.9663299663299664
stb,4302,291,0,0,C,0.7649572649572649
fish-shell,5047,2192,62,2,Rust,0.9386074369852758
modern-unix,1878,15,0,540,,0.35714285714285715
go-zero,2036,2435,149,0,Go,0.91359918200409
backstage,2231,20341,496,-1,TypeScript,0.9598823214763306
CLIP,1905,29,0,15,Jupyter Notebook,0.4343891402714932
FlClash,933,2,102,0,Dart,0.6221255438160348
comprehensive-rust,1170,2402,0,1,Rust,0.6685082872928176
nacos,2820,3332,88,0,Java,0.9778691116029087
paper-reading,1595,15,0,348,,0
YesPlayMusic,1973,292,32,46,Vue,0.6543075245365322
WxJava,3711,1182,31,0,Java,0.9967413441955193
MonitorControl,3091,220,26,24,Swift,0.9841584158415841
dspy,1150,1468,106,0,Python,0.8161375661375662
prompt-eng-interactive-tutorial,702,1,0,4,Jupyter Notebook,0.11428571428571428
netron,5548,1,4,-1,JavaScript,0.9864325618515563
restic,4330,2318,49,4,Go,0.8469982847341337
goose,558,4286,122,-1,Rust,0.8372093023255814
remix,1955,3662,357,-1,TypeScript,0.9870081662954714
floating-ui,3628,1209,506,2,TypeScript,0.9776422764227642
yew,3001,1879,38,0,Rust,0.9242902208201893
mmdetection,2752,2358,53,561,Python,0.7923266455473424
beego,5118,1326,42,3,Go,0.9994084590357882
awesome-php,4482,457,0,8,,0.9870967741935484
cursor,1089,47,0,33,,0
glance,676,110,33,85,Go,0.5790513833992095
k3s,2835,4460,957,0,Go,0.9864480281881014
swr,2319,816,126,6,TypeScript,0.8540596094552929
my-tv,822,11,72,623,C,0.8436482084690554
medusa,2238,8408,146,0,TypeScript,0.9811475409836066
material-design-lite,4067,655,14,359,HTML,0.823049001814882
linux-insides,4078,619,0,3,Python,0.8795811518324608
echo,4022,629,116,9,Go,0.9677635997313633
pytorch-tutorial,3282,28,0,933,Python,0.6333333333333333
web-check,984,53,1,32,TypeScript,0.47794117647058826
marker,856,228,71,0,Python,0.49846153846153846
fairseq,3110,236,16,156,Python,0.7183098591549296
run,1425,172,0,582,,0.8275862068965517
linera-protocol,1537,3547,31,-1,Rust,0.6257796257796258
kafka,5315,12773,0,-1,Java,0
erpnext,5384,28711,1000,-1,Python,0.8902720666929533
PDFMathTranslate,545,136,24,100,Python,0.8541423570595099
500-AI-Machine-learning-Deep-learning-Computer-vision-NLP-Projects-with-code,1888,3,0,216,,0.35135135135135137
cockroach,4410,72793,0,-1,Go,0.9193123459637962
sharp,4580,311,107,1,JavaScript,0.9707196029776675
GPTs,845,45,0,524,,0.6774193548387096
nginx-proxy-manager,2996,683,86,0,TypeScript,0.7350266541235497
glances,5205,772,55,0,Python,0.939379916705229
graphql-engine,2817,2110,300,0,TypeScript,0.649867374005305
dokku,4653,4511,317,0,Shell,0.990506329113924
posthog,2232,34565,84,-1,Python,0.6994830051699483
just,3548,1370,131,17,Rust,0.7444444444444445
android-open-project,4442,204,0,215,,0.8620689655172413
html2canvas,5346,186,45,595,TypeScript,0.6319787314849981
chatgpt-web,1120,159,43,566,Vue,1.0
MS-DOS,2809,37,0,678,Assembly,0
ExplorerPatcher,1669,19,296,121,C,0.8864661654135338
lottie-web,4030,136,0,185,JavaScript,0.7317744154057771
vimrc,5028,107,0,515,Vim Script,0.9751434034416826
shannon,159,57,0,0,TypeScript,0.8933333333333333
vue-vben-admin,2063,1748,61,-1,Vue,0.98
kitty,3427,1244,132,0,Python,0.9986490543380366
continue,1016,3891,803,-1,TypeScript,0.8141384921352377
rxjs,4008,2588,2,374,TypeScript,0.9295418641390205
rocksdb,4843,620,212,0,C++,0.7569265924021709
editor.js,3749,870,107,0,TypeScript,0.6084415584415584
slate,3547,1980,210,1,TypeScript,0.7893432465923172
shardeum,687,326,0,171,TypeScript,0.875
numpy,5651,13914,139,-1,Python,0.8482853422080741
minikube,3610,9396,154,2,Go,0.9507224189072816
tinygrad,1964,10522,14,-1,Python,0.8855032317636196
conductor,818,340,33,0,Java,0.5933609958506224
CheatSheetSeries,2631,1198,0,2,Python,0.9206349206349206
surrealdb,1547,2605,121,0,Rust,0.750104997900042
ChatDev,920,136,11,6,Python,0.8877887788778878
raylib,4515,2448,24,0,C,1.0
tokio,3463,3802,141,-1,Rust,0.8757645259938838
influxdb,4543,10938,95,-1,Rust,0.8553885242430659
TradingAgents,432,19,1,8,Python,0.16923076923076924
lede,3102,2051,7,0,C,0.9122694122694123
dokploy,685,1329,147,0,TypeScript,0.75708257986739
3x-ui,1119,642,102,1,HTML,0.8476154992548435
alpine,2289,694,146,5,HTML,1.0
WSL,3620,541,97,-1,C++,0.9238481935697713
dotfiles,5294,44,0,576,Shell,0.648854961832061
Perplexica,695,82,33,20,TypeScript,0.7063621533442088
graphrag,707,720,35,0,Python,0.9637952559300874
interactive-coding-challenges,3963,176,0,665,Python,0.463768115942029
worldmonitor,56,655,43,-1,TypeScript,0.6844660194174758
ai-engineering-hub,500,62,0,6,Jupyter Notebook,0.3181818181818182
jsPDF,5933,753,41,2,JavaScript,0.9597834493426141
motion,2666,1176,0,0,TypeScript,0.8961919666145018
Blog,3279,3,0,2,,0.2531328320802005
sing-box,1344,190,499,0,Go,0.9457810911555405
DevToys,1618,501,39,8,C#,0.6782431052093973
docsify,3392,782,16,0,JavaScript,0.9382151029748284
Sortable,4459,248,31,21,JavaScript,0.7375342465753425
tqdm,3928,289,133,19,Python,0.5717035611164581
fabric.js,5747,2427,181,3,TypeScript,0.9315068493150684
symfony,5904,25573,600,-1,PHP,0.9833784838605997
pear-desktop,2511,1630,87,0,TypeScript,0.7048008171603677
ML-From-Scratch,3315,9,0,872,Python,0.47435897435897434
OpenAPI-Specification,4385,1793,14,3,Markdown,0.9572614107883818
lux,2931,304,86,66,Go,0.51071761416589
podman,3046,12211,236,-1,Go,0.9130600936275914
pytorch-lightning,2531,9336,172,0,Python,0.8883553421368547
weekly,3272,136,193,542,JavaScript,0.9891891891891892
calculator,2592,913,0,71,C++,0.6346992153443767
p3c,3177,62,0,576,Kotlin,0.8125727590221188
webtorrent,4524,970,229,1,JavaScript,0.9594029850746268
jQuery-File-Upload,5573,119,0,1015,PHP,0.9851739788199697
AI-Expert-Roadmap,1957,14,0,174,JavaScript,0.7714285714285715
seaweedfs,4252,3670,289,-1,Go,0.822429906542056
mantine,1883,1591,291,0,TypeScript,0.9924703156675355
btop,1763,372,54,1,C++,0.5320796460176991
TrackersListCollection,2345,7,0,0,,0
uppy,3762,3275,392,-1,TypeScript,0.932936507936508
frigate,2595,3723,81,-1,TypeScript,0.9848690921455288
spring-boot-examples,3407,7,0,838,Java,0.908256880733945
refined-github,3671,3598,186,0,TypeScript,0.9806135492117597
DeepFaceLive,1906,13,35,482,Python,0.9930555555555556
roop,1012,82,6,563,Python,0
layui,3817,673,173,1,JavaScript,0.9628099173553719
changedetection.io,1863,1053,203,0,Python,0.8206555349412492
vscodium,2761,628,263,0,Shell,0.9164124466137888
particles.js,4198,21,6,707,JavaScript,0.25970873786407767
sequelize,5705,5021,489,-1,TypeScript,0.913452312416043
hutool,4344,514,156,0,Java,0.9993529602070528
algo,3581,686,4,1,Python,0.9606060606060606
agents,223,53,0,12,Python,0.8983050847457628
react-three-fiber,2565,690,131,1,TypeScript,0.9948805460750854
Proton,2913,13,76,-1,C++,0.44913563829787234
awesome-macos-command-line,3816,104,0,1,,0
NeteaseCloudMusicApi,3543,292,0,736,,0.8899700598802395
folly,5024,13,280,-1,C++,0.755004003202562
stanford_alpaca,1090,6,0,596,Python,0.3656716417910448
awesome-python-cn,3775,51,0,1284,Makefile,0.5294117647058824
HEAD,3605,87,0,19,,0.7849462365591398
os-tutorial,4175,11,0,29,C,0.5824175824175825
Avalonia,4472,5654,119,-1,C#,0.7799158147925436
BetterDisplay,1593,2,119,1,,0.9414323962516734
viper,4355,520,35,51,Go,0.99140708915145
openai-python,1956,1052,368,-1,Python,0.8647302904564316
cheerio,5261,3121,62,0,TypeScript,0.9829406986190089
one-api,1048,287,55,55,JavaScript,0.4986087924318308
dragonfly,1545,3992,114,-1,C++,0.8748819641170916
tdesktop,4325,1853,830,-1,C++,0.9430817012106231
k6,3636,2457,85,1,Go,0.7153996101364523
jumpserver,4262,7871,264,0,Python,0.9912383941414934
rust-course,2767,811,0,35,Rust,0.7031963470319634
xxl-job,3750,124,42,22,Java,0.9475890985324947
hosts,5074,507,832,4,Python,0.940562613430127
turborepo,1612,7169,680,-1,Rust,0.9468810916179338
WindTerm,2338,1,32,358,C,0.20102915951972555
django-rest-framework,5482,3108,21,1,Python,0.9901165737455652
leakcanary,3962,933,43,0,Kotlin,0.9148036253776435
handson-ml2,2613,65,0,10,Jupyter Notebook,0.5868725868725869
css-protips,3841,73,0,350,,0.9841269841269841
tuning_playbook,1141,14,0,625,,0.7555555555555555
lighthouse,3649,5564,130,-1,JavaScript,0.9474991898023117
apollo,3653,1498,42,8,Java,0.9587992937021778
consul,4503,14140,256,0,Go,0.7680587918981896
foundation-sites,5256,2958,79,407,HTML,0.9925970873786408
iced,2424,1161,18,0,Rust,0.7370030581039755
Mr.-Ranedeer-AI-Tutor,1070,0,3,156,,0.7083333333333334
kickstart.nvim,1350,265,0,5,Lua,0.9504504504504504
openssl,4796,145,297,-1,C,0.8927100125380619
czkawka,2011,468,40,-1,Rust,0.6218637992831542
zellij,2011,1386,65,-1,Rust,0.47305863708399365
vue-cli,3721,1259,178,196,JavaScript,0.8296673332121433
plyr,4037,393,93,61,JavaScript,0.5789224952741021
filament,2177,5798,821,0,PHP,0.994275384151853
canal,4799,479,32,21,Java,0.755170252767913
nginx,3908,156,14,1,C,0.5252100840336135
500lines,4504,175,0,929,JavaScript,0.5857142857142857
helm,3803,4440,237,0,Go,0.9679617453676032
